{
  "pitch_diversity": {
    "Markov": {
      "diversity_score": 0.28125,
      "unique_pitches": 9,
      "pitch_range": 10,
      "total_pitches": 32
    },
    "RNN": {
      "diversity_score": 0.5,
      "unique_pitches": 16,
      "pitch_range": 27,
      "total_pitches": 32
    },
    "LSTM": {
      "diversity_score": 0.21875,
      "unique_pitches": 7,
      "pitch_range": 6,
      "total_pitches": 32
    },
    "Transformer": {
      "diversity_score": 0.28125,
      "unique_pitches": 9,
      "pitch_range": 8,
      "total_pitches": 32
    }
  },
  "rhythm_diversity": {
    "Markov": {
      "unique_rhythms": 2,
      "rhythm_entropy": 0.8960382325345574,
      "rhythms": [
        0.5,
        0.5,
        0.5,
        0.5,
        1.0,
        1.0,
        1.0,
        1.0,
        1.0,
        1.0,
        0.5,
        1.0,
        1.0,
        0.5,
        0.5,
        1.0,
        1.0,
        1.0,
        0.5,
        1.0,
        1.0,
        1.0,
        1.0,
        1.0,
        1.0,
        0.5,
        1.0,
        1.0,
        1.0,
        0.5,
        1.0,
        1.0
      ]
    },
    "RNN": {
      "unique_rhythms": 3,
      "rhythm_entropy": 1.3649917740667208,
      "rhythms": [
        0.5,
        0.5,
        1.0,
        0.25,
        0.25,
        0.25,
        1.0,
        1.0,
        1.0,
        0.5,
        1.0,
        1.0,
        1.0,
        1.0,
        1.0,
        1.0,
        0.5,
        1.0,
        1.0,
        1.0,
        1.0,
        1.0,
        1.0,
        1.0,
        0.25,
        1.0,
        1.0,
        0.25,
        0.5,
        0.25,
        0.25,
        0.25
      ]
    },
    "LSTM": {
      "unique_rhythms": 5,
      "rhythm_entropy": 2.287101752714581,
      "rhythms": [
        0.25,
        0.25,
        0.25,
        1.0,
        0.5,
        1.5,
        0.25,
        1.0,
        0.5,
        0.75,
        0.75,
        0.5,
        0.5,
        1.5,
        0.5,
        1.5,
        1.5,
        1.5,
        0.5,
        1.0,
        1.5,
        0.75,
        0.75,
        0.75,
        1.0,
        0.75,
        1.0,
        1.0,
        1.5,
        0.5,
        1.5,
        0.75
      ]
    },
    "Transformer": {
      "unique_rhythms": 6,
      "rhythm_entropy": 2.5109768596329824,
      "rhythms": [
        0.5,
        2.0,
        0.25,
        1.5,
        0.75,
        0.75,
        0.25,
        1.0,
        0.5,
        0.75,
        2.0,
        1.5,
        1.5,
        2.0,
        0.75,
        1.0,
        2.0,
        0.25,
        0.25,
        1.0,
        1.0,
        0.25,
        1.5,
        1.0,
        2.0,
        0.25,
        0.25,
        0.25,
        0.25,
        0.5,
        0.5,
        1.0
      ]
    }
  },
  "interval_distribution": {
    "Markov": {
      "intervals": [
        2,
        0,
        -1,
        0,
        0,
        0,
        0,
        1,
        0,
        -2,
        0,
        0,
        0,
        0,
        2,
        -1,
        -1,
        -1,
        -1,
        0,
        0,
        0,
        2,
        0,
        -1,
        -2,
        0,
        -2,
        0,
        -2,
        -1
      ],
      "interval_counts": {
        "2": 3,
        "0": 16,
        "-1": 7,
        "1": 1,
        "-2": 4
      },
      "stepwise_motion": 1.0,
      "large_leaps": 0.0,
      "avg_interval_size": 0.7096774193548387
    },
    "RNN": {
      "intervals": [
        0,
        2,
        2,
        2,
        -6,
        2,
        2,
        2,
        -1,
        -1,
        1,
        -3,
        -3,
        -3,
        3,
        1,
        3,
        -1,
        1,
        1,
        1,
        1,
        3,
        3,
        -1,
        1,
        3,
        3,
        1,
        3,
        1
      ],
      "interval_counts": {
        "0": 1,
        "2": 6,
        "-6": 1,
        "-1": 4,
        "1": 9,
        "-3": 3,
        "3": 7
      },
      "stepwise_motion": 0.6451612903225806,
      "large_leaps": 0.03225806451612903,
      "avg_interval_size": 1.967741935483871
    },
    "LSTM": {
      "intervals": [
        1,
        -2,
        3,
        1,
        -2,
        1,
        1,
        0,
        2,
        -3,
        2,
        -2,
        0,
        1,
        -1,
        -2,
        0,
        0,
        -1,
        0,
        3,
        -3,
        3,
        0,
        0,
        -3,
        2,
        1,
        -2,
        0,
        0
      ],
      "interval_counts": {
        "1": 6,
        "-2": 5,
        "3": 3,
        "0": 9,
        "2": 3,
        "-3": 3,
        "-1": 2
      },
      "stepwise_motion": 0.8064516129032258,
      "large_leaps": 0.0,
      "avg_interval_size": 1.3548387096774193
    },
    "Transformer": {
      "intervals": [
        0,
        1,
        1,
        1,
        1,
        1,
        1,
        1,
        0,
        -1,
        -1,
        -1,
        -1,
        -1,
        -1,
        -1,
        2,
        1,
        1,
        1,
        -3,
        1,
        1,
        1,
        -3,
        0,
        -2,
        0,
        -1,
        3,
        -3
      ],
      "interval_counts": {
        "0": 4,
        "1": 13,
        "-1": 8,
        "2": 1,
        "-3": 3,
        "-2": 1,
        "3": 1
      },
      "stepwise_motion": 0.8709677419354839,
      "large_leaps": 0.0,
      "avg_interval_size": 1.1935483870967742
    }
  },
  "tonal_coherence": {
    "Markov": {
      "tonal_coherence": 0.6875,
      "tonic_emphasis": 0.28125,
      "key_stability": 0.9160181484552234,
      "pitch_class_distribution": [
        0.28125,
        0.1875,
        0.15625,
        0.0,
        0.03125,
        0.03125,
        0.0,
        0.0625,
        0.0,
        0.0625,
        0.125,
        0.0625
      ]
    },
    "RNN": {
      "tonal_coherence": 0.71875,
      "tonic_emphasis": 0.1875,
      "key_stability": 0.9453745391578046,
      "pitch_class_distribution": [
        0.1875,
        0.0,
        0.125,
        0.09375,
        0.125,
        0.09375,
        0.125,
        0.03125,
        0.03125,
        0.03125,
        0.03125,
        0.125
      ]
    },
    "LSTM": {
      "tonal_coherence": 0.78125,
      "tonic_emphasis": 0.21875,
      "key_stability": 0.8945392878577261,
      "pitch_class_distribution": [
        0.21875,
        0.09375,
        0.34375,
        0.125,
        0.03125,
        0.03125,
        0.0,
        0.0,
        0.0,
        0.0,
        0.0,
        0.15625
      ]
    },
    "Transformer": {
      "tonal_coherence": 0.75,
      "tonic_emphasis": 0.15625,
      "key_stability": 0.9345322651563722,
      "pitch_class_distribution": [
        0.15625,
        0.0625,
        0.21875,
        0.125,
        0.125,
        0.125,
        0.0625,
        0.0625,
        0.0,
        0.0,
        0.0,
        0.0625
      ]
    }
  },
  "sequences_used": {
    "Markov": [
      60,
      62,
      62,
      61,
      61,
      61,
      61,
      61,
      62,
      62,
      60,
      60,
      60,
      60,
      60,
      62,
      61,
      60,
      59,
      58,
      58,
      58,
      58,
      60,
      60,
      59,
      57,
      57,
      55,
      55,
      53,
      52
    ],
    "RNN": [
      60,
      60,
      62,
      64,
      66,
      60,
      62,
      64,
      66,
      65,
      64,
      65,
      62,
      59,
      56,
      59,
      60,
      63,
      62,
      63,
      64,
      65,
      66,
      69,
      72,
      71,
      72,
      75,
      78,
      79,
      82,
      83
    ],
    "LSTM": [
      60,
      61,
      59,
      62,
      63,
      61,
      62,
      63,
      63,
      65,
      62,
      64,
      62,
      62,
      63,
      62,
      60,
      60,
      60,
      59,
      59,
      62,
      59,
      62,
      62,
      62,
      59,
      61,
      62,
      60,
      60,
      60
    ],